ID is 10, Name is A, Email is A@gmail.com, Age is 26
ID is 2, Name is B, Email is B@gmail.com, Age is 32
ID is 9, Name is C, Email is C@gmail.com, Age is 40
ID is 4, Name is D, Email is D@gmail.com, Age is 44
ID is 5, Name is E, Email is E@gmail.com, Age is 27
ID is 6, Name is F, Email is F@gmail.com, Age is 29
ID is 7, Name is G, Email is G@gmail.com, Age is 32
ID is 3, Name is H, Email is H@gmail.com, Age is 58
ID is 9, Name is I, Email is I@gmail.com, Age is 43
ID is 1, Name is J, Email is J@gmail.com, Age is 46
